Brand (Reporting),Vehicle
,
,BoltEV
,Tahoe
Buick,BuickMultiline
Buick,ChevyMultiline
Buick,CompactSUV
Buick,Enclave
Buick,Encore
Buick,EncoreGX
Buick,Envision
Buick,Envista
Buick,MidsizeSUV
Buick,Sierra
Buick,SmallSUV
Cadillac,CadillacMultiline
Cadillac,CT4
Cadillac,CT5
Cadillac,Escalade
Cadillac,EscaladeIQ
Cadillac,EVSUV
Cadillac,GMCMultiline
Cadillac,LuxuryEV
Cadillac,Lyriq
Cadillac,Optiq
Cadillac,Sedan
Cadillac,SUV
Cadillac,Vistiq
Cadillac,XT4
Cadillac,XT5
Cadillac,XT6
Chevrolet,
Chevrolet,Blazer
Chevrolet,Blazer EV
Chevrolet,BlazerEV
Chevrolet,BoltEV
Chevrolet,ChevyMultiline
Chevrolet,Colorado
Chevrolet,Equinox
Chevrolet,Equinox EV
Chevrolet,EquinoxEV
Chevrolet,EVSUV
Chevrolet,EVTruck
Chevrolet,Malibu
Chevrolet,N/A
Chevrolet,NA
Chevrolet,NonCon
Chevrolet,Service
Chevrolet,Silverado
Chevrolet,Silverado EV
Chevrolet,Silverado HD
Chevrolet,SilveradoEV
Chevrolet,SilveradoHD
Chevrolet,SilveradoLD
Chevrolet,Suburban
Chevrolet,SUV
Chevrolet,SUVEV
Chevrolet,Tahoe
Chevrolet,Trailblazer
Chevrolet,Traverse
Chevrolet,Trax
Chevrolet,Truck
Chevrolet,TruckEV
GMC,!!!
GMC,Acadia
GMC,BuickMultiline
GMC,Canyon
GMC,CompactSUV
GMC,GMC
GMC,GMC Multiline
GMC,GMCMultiline
GMC,HummerEV
GMC,HummerEVSUV
GMC,HummerEVTruck
GMC,HummerPickupTruck
GMC,MidsizeSUV
GMC,N/A
GMC,NA
GMC,Sierra
GMC,Sierra1500
GMC,Sierra2500
GMC,SierraEV
GMC,SierraHD
GMC,SierraLD
GMC,SmallSUV
GMC,Terrain
GMC,Truck
GMC,Yukon
GMC,YukonXL
Not found,
Zone,P31C6T6
Zone,P31CRXR
Zone,P31DCGG
Zone,P31DF57
Zone,P31DHJ5
Zone,P31G66T
